m_tiles,n_tiles,k_tiles,a_tile_kb,b_tile_kb,c_tile_kb,total_per_l3_kb,fits_in_l3,total_c_tiles,active_compute_tiles,subtile_compute_cycles,tile_compute_cycles,theoretical_min_cycles,load_a_cycles,load_b_cycles,drain_c_cycles,l3_transfer_a_cycles,l3_transfer_b_cycles,serial_total_cycles,serial_compute_util,serial_efficiency,serial_peak_concurrency,parallel_total_cycles,parallel_compute_util,parallel_efficiency,parallel_peak_concurrency,speedup,arithmetic_intensity,memory_bandwidth_gbps,pareto_optimal
1,1,1,4096,2048,8192,14336,0,1,1,1952544,1952544,1952544,131172,65636,262244,65556,32788,2263990,0.0539,0.8624,1,2345960,0.0520,0.8323,1,0.965,146.286,6.258,0
1,1,2,2048,1024,8192,11264,0,1,1,976272,1952544,1952544,65636,32868,262244,32788,16404,2264040,0.0539,0.8624,1,2280424,0.0535,0.8562,1,0.993,146.286,6.437,0
1,1,4,1024,512,8192,9728,0,1,1,532512,2130048,2130048,32868,16484,262244,16404,8212,2441644,0.0545,0.8724,1,2425160,0.0549,0.8783,1,1.007,146.286,6.053,0
1,1,8,512,256,8192,8960,0,1,1,266256,2130048,2130048,16484,8292,262244,8212,4116,2441844,0.0545,0.8723,1,2408776,0.0553,0.8843,2,1.014,146.286,6.094,0
1,1,16,256,128,8192,8576,0,1,1,177504,2840064,2840064,8292,4196,262244,4116,2068,3152260,0.0563,0.9010,1,3110600,0.0571,0.9130,2,1.013,146.286,4.719,0
1,1,32,128,64,8192,8384,0,1,1,88752,2840064,2840064,4196,2148,262244,2068,1044,3153060,0.0563,0.9007,1,3106504,0.0571,0.9142,2,1.015,146.286,4.726,0
1,1,64,64,32,8192,8288,0,1,1,88752,5680128,5680128,2148,1124,262244,1044,532,5994724,0.0592,0.9475,1,5944520,0.0597,0.9555,2,1.008,146.286,2.470,0
1,1,128,32,16,8192,8240,0,1,1,88752,11360256,11360256,1124,612,262244,532,276,11678052,0.0608,0.9728,1,11623624,0.0611,0.9773,2,1.005,146.286,1.263,0
1,2,1,4096,1024,4096,9216,0,2,2,998976,998976,998976,131172,32868,131172,65556,16404,1179375,0.1059,0.8470,2,1261320,0.0990,0.7920,2,0.935,146.286,11.639,0
1,2,2,2048,512,4096,6656,0,2,2,499488,998976,998976,65636,16484,131172,32788,8212,1179450,0.1059,0.8470,2,1195784,0.1044,0.8354,2,0.986,146.286,12.277,0
1,2,4,1024,256,4096,5376,0,2,2,272448,1089792,1089792,32868,8292,131172,16404,4116,1270416,0.1072,0.8578,2,1253832,0.1086,0.8692,4,1.013,146.286,11.708,0
1,2,8,512,128,4096,4736,0,2,2,136224,1089792,1089792,16484,4196,131172,8212,2068,1270716,0.1072,0.8576,2,1237448,0.1101,0.8807,4,1.027,146.286,11.863,0
1,2,16,256,64,4096,4416,0,2,2,90816,1453056,1453056,8292,2148,131172,4116,1044,1634580,0.1111,0.8889,2,1592520,0.1141,0.9124,4,1.026,146.286,9.218,0
1,2,32,128,32,4096,4256,0,2,2,45408,1453056,1453056,4196,1124,131172,2068,532,1635780,0.1110,0.8883,2,1588424,0.1143,0.9148,4,1.030,146.286,9.242,0
1,2,64,64,16,4096,4176,0,2,2,45408,2906112,2906112,2148,612,131172,1044,276,3091236,0.1175,0.9401,2,3039432,0.1195,0.9561,4,1.017,146.286,4.830,0
1,2,128,32,8,4096,4136,0,2,2,45408,5812224,5812224,1124,356,131172,532,148,6002148,0.1210,0.9684,2,5944520,0.1222,0.9777,4,1.010,146.286,2.470,0
1,4,1,4096,512,2048,6656,0,4,4,499488,499488,499488,131172,16484,65636,65556,8212,614401,0.2032,0.8130,4,696296,0.1793,0.7174,4,0.882,146.286,21.083,0
1,4,2,2048,256,2048,4352,0,4,4,249744,499488,499488,65636,8292,65636,32788,4116,614526,0.2032,0.8128,4,630760,0.1980,0.7919,7,0.974,146.286,23.274,0
1,4,4,1024,128,2048,3200,0,4,4,136224,544896,544896,32868,4196,65636,16404,2068,660184,0.2063,0.8254,4,643400,0.2117,0.8469,7,1.026,146.286,22.816,0
1,4,8,512,64,2048,2624,0,4,4,68112,544896,544896,16484,2148,65636,8212,1044,660684,0.2062,0.8247,4,627016,0.2173,0.8690,7,1.054,146.286,23.413,0
1,4,16,256,32,2048,2336,0,4,4,45408,726528,726528,8292,1124,65636,4116,532,843316,0.2154,0.8615,4,800456,0.2269,0.9076,8,1.054,146.286,18.340,0
1,4,32,128,16,2048,2192,0,4,4,22704,726528,726528,4196,612,65636,2068,276,845316,0.2149,0.8595,4,796360,0.2281,0.9123,8,1.061,146.286,18.434,0
1,4,64,64,8,2048,2120,0,4,4,22704,1453056,1453056,2148,356,65636,1044,148,1575844,0.2305,0.9221,4,1520840,0.2389,0.9554,8,1.036,146.286,9.653,0
1,4,128,32,4,2048,2084,0,4,4,22704,2906112,2906112,1124,228,65636,532,84,3036900,0.2392,0.9569,4,2972872,0.2444,0.9775,8,1.022,146.286,4.938,0
1,8,1,4096,256,1024,5376,0,8,8,272448,272448,272448,131172,8292,32868,65556,4116,354693,0.3841,0.7681,8,436488,0.3121,0.6242,8,0.813,146.286,33.632,0
1,8,2,2048,128,1024,3200,0,8,8,136224,272448,272448,65636,4196,32868,32788,2068,354918,0.3838,0.7676,8,370952,0.3672,0.7345,15,0.957,146.286,39.574,0
1,8,4,1024,64,1024,2112,0,8,8,74304,297216,297216,32868,2148,32868,16404,1044,380136,0.3909,0.7819,8,362952,0.4094,0.8189,16,1.047,146.286,40.446,0
1,8,8,512,32,1024,1568,0,8,8,37152,297216,297216,16484,1124,32868,8212,532,381036,0.3900,0.7800,8,346568,0.4288,0.8576,16,1.099,146.286,42.358,0
1,8,16,256,16,1024,1296,0,8,8,24768,396288,396288,8292,612,32868,4116,276,481908,0.4112,0.8223,8,437448,0.4530,0.9059,16,1.102,146.286,33.558,0
1,8,32,128,8,1024,1160,0,8,8,12384,396288,396288,4196,356,32868,2068,148,485508,0.4081,0.8162,8,433352,0.4572,0.9145,16,1.120,146.286,33.876,0
1,8,64,64,4,1024,1092,0,8,8,12384,792576,792576,2148,228,32868,1044,84,888996,0.4458,0.8915,8,827592,0.4788,0.9577,16,1.074,146.286,17.738,0
1,8,128,32,2,1024,1058,0,8,8,12384,1585152,1585152,1124,164,32868,532,52,1695972,0.4673,0.9347,8,1619144,0.4895,0.9790,16,1.047,146.286,9.067,0
1,16,1,4096,128,512,4736,0,16,16,136224,136224,136224,131172,4196,16484,65556,2068,202285,0.6734,0.6734,16,283880,0.4799,0.4799,16,0.713,146.286,51.712,0
1,16,2,2048,64,512,2624,0,16,16,68112,136224,136224,65636,2148,16484,32788,1044,202710,0.6720,0.6720,16,218344,0.6239,0.6239,31,0.928,146.286,67.234,0
1,16,4,1024,32,512,1568,0,16,16,37152,148608,148608,32868,1124,16484,16404,532,215944,0.6882,0.6882,16,197960,0.7507,0.7507,32,1.091,146.286,74.157,0
1,16,8,512,16,512,1040,0,16,16,18576,148608,148608,16484,612,16484,8212,276,217644,0.6828,0.6828,16,181576,0.8184,0.8184,31,1.199,146.286,80.848,0
1,16,16,256,8,512,776,0,16,16,12384,198144,198144,8292,356,16484,4116,148,270580,0.7323,0.7323,16,222920,0.8889,0.8889,32,1.214,146.286,65.854,0
1,16,32,128,4,512,644,0,16,16,6192,198144,198144,4196,228,16484,2068,84,277380,0.7143,0.7143,16,218824,0.9055,0.9055,31,1.268,146.286,67.086,0
1,16,64,64,2,512,578,0,16,16,6192,396288,396288,2148,164,16484,1044,52,489124,0.8102,0.8102,16,414920,0.9551,0.9551,32,1.179,146.286,35.380,0
1,16,128,32,1,512,545,0,16,16,6192,792576,792576,1124,132,16484,532,36,912612,0.8685,0.8685,16,810184,0.9783,0.9783,31,1.126,146.286,18.119,0
1,32,1,4096,64,256,4416,0,32,16,90816,90816,181632,131172,2148,8292,65556,1044,149085,0.6092,1.0000,16,230280,0.3944,0.7887,16,0.647,146.286,63.749,0
1,32,2,2048,32,256,2336,0,32,16,45408,90816,181632,65636,1124,8292,32788,532,149910,0.6058,1.0000,16,164744,0.5513,1.0000,31,0.910,146.286,89.108,0
1,32,4,1024,16,256,1296,0,32,16,24768,99072,198144,32868,612,8292,16404,276,159816,0.6199,1.0000,16,140232,0.7065,1.0000,31,1.140,146.286,104.684,0
1,32,8,512,8,256,776,0,32,16,12384,99072,198144,16484,356,8292,8212,148,163116,0.6074,1.0000,16,123848,0.7999,1.0000,31,1.317,146.286,118.533,0
1,32,16,256,4,256,516,0,32,16,8256,132096,264192,8292,228,8292,4116,84,202740,0.6516,1.0000,16,148680,0.8885,1.0000,31,1.364,146.286,98.736,0
1,32,32,128,2,256,386,1,32,16,4128,132096,264192,4196,164,8292,2068,52,215940,0.6117,1.0000,16,144584,0.9136,1.0000,31,1.494,146.286,101.533,0
1,32,64,64,1,256,321,1,32,16,4128,264192,528384,2148,132,8292,1044,36,374436,0.7056,1.0000,16,274632,0.9620,1.0000,32,1.363,146.286,53.454,0
1,32,128,32,0,256,288,1,32,16,4128,528384,1056768,1124,116,8292,532,28,691428,0.7642,1.0000,16,537800,0.9825,1.0000,30,1.286,146.286,27.297,0
2,1,1,2048,2048,4096,8192,0,2,2,976272,976272,976272,65636,65636,131172,32788,32788,2264115,0.0539,0.4312,1,1173080,0.1040,0.8322,2,1.930,146.286,12.514,0
2,1,2,1024,1024,4096,6144,0,2,2,488136,976272,976272,32868,32868,131172,16404,16404,2264190,0.0539,0.4312,1,1140312,0.1070,0.8561,2,1.986,146.286,12.874,0
2,1,4,512,512,4096,5120,0,2,2,266256,1065024,1065024,16484,16484,131172,8212,8212,2441844,0.0545,0.4362,1,1212680,0.1098,0.8782,4,2.014,146.286,12.105,0
2,1,8,256,256,4096,4608,0,2,2,133128,1065024,1065024,8292,8292,131172,4116,4116,2442144,0.0545,0.4361,1,1204488,0.1105,0.8842,4,2.028,146.286,12.188,0
2,1,16,128,128,4096,4352,0,2,2,88752,1420032,1420032,4196,4196,131172,2068,2068,3152760,0.0563,0.4504,1,1555400,0.1141,0.9130,4,2.027,146.286,9.438,0
2,1,32,64,64,4096,4224,0,2,2,44376,1420032,1420032,2148,2148,131172,1044,1044,3153960,0.0563,0.4502,1,1553352,0.1143,0.9142,4,2.030,146.286,9.451,0
2,1,64,32,32,4096,4160,0,2,2,44376,2840064,2840064,1124,1124,131172,532,532,5996424,0.0592,0.4736,1,2972360,0.1194,0.9555,4,2.017,146.286,4.939,0
2,1,128,16,16,4096,4128,0,2,2,44376,5680128,5680128,612,612,131172,276,276,11681352,0.0608,0.4863,1,5811912,0.1222,0.9773,4,2.010,146.286,2.526,0
2,2,1,2048,1024,2048,5120,0,4,4,499488,499488,499488,65636,32868,65636,32788,16404,1179500,0.1059,0.4235,2,630760,0.1980,0.7919,4,1.870,146.286,23.274,0
2,2,2,1024,512,2048,3584,0,4,4,249744,499488,499488,32868,16484,65636,16404,8212,1179600,0.1059,0.4234,2,597992,0.2088,0.8353,7,1.973,146.286,24.549,0
2,2,4,512,256,2048,2816,0,4,4,136224,544896,544896,16484,8292,65636,8212,4116,1270616,0.1072,0.4288,2,627016,0.2173,0.8690,8,2.026,146.286,23.413,0
2,2,8,256,128,2048,2432,0,4,4,68112,544896,544896,8292,4196,65636,4116,2068,1271016,0.1072,0.4287,2,618824,0.2201,0.8805,8,2.054,146.286,23.723,0
2,2,16,128,64,2048,2240,0,4,4,45408,726528,726528,4196,2148,65636,2068,1044,1635080,0.1111,0.4443,2,796360,0.2281,0.9123,8,2.053,146.286,18.434,0
2,2,32,64,32,2048,2144,0,4,4,22704,726528,726528,2148,1124,65636,1044,532,1636680,0.1110,0.4439,2,794312,0.2287,0.9147,8,2.061,146.286,18.481,0
2,2,64,32,16,2048,2096,0,4,4,22704,1453056,1453056,1124,612,65636,532,276,3092936,0.1174,0.4698,2,1519816,0.2390,0.9561,8,2.035,146.286,9.659,0
2,2,128,16,8,2048,2072,0,4,4,22704,2906112,2906112,612,356,65636,276,148,6005448,0.1210,0.4839,2,2972360,0.2444,0.9777,8,2.020,146.286,4.939,0
2,4,1,2048,512,1024,3584,0,8,8,249744,249744,249744,65636,16484,32868,32788,8212,614526,0.2032,0.4064,4,348248,0.3586,0.7171,8,1.765,146.286,42.154,0
2,4,2,1024,256,1024,2304,0,8,8,124872,249744,249744,32868,8292,32868,16404,4116,614676,0.2032,0.4063,4,315480,0.3958,0.7916,15,1.948,146.286,46.532,0
2,4,4,512,128,1024,1664,0,8,8,68112,272448,272448,16484,4196,32868,8212,2068,660384,0.2063,0.4126,4,321800,0.4233,0.8466,15,2.052,146.286,45.619,0
2,4,8,256,64,1024,1344,0,8,8,34056,272448,272448,8292,2148,32868,4116,1044,660984,0.2061,0.4122,4,313608,0.4344,0.8688,15,2.108,146.286,46.810,0
2,4,16,128,32,1024,1184,0,8,8,22704,363264,363264,4196,1124,32868,2068,532,843816,0.2153,0.4305,4,400328,0.4537,0.9074,15,2.108,146.286,36.670,0
2,4,32,64,16,1024,1104,0,8,8,11352,363264,363264,2148,612,32868,1044,276,846216,0.2146,0.4293,4,398280,0.4560,0.9121,15,2.125,146.286,36.859,0
2,4,64,32,8,1024,1064,0,8,8,11352,726528,726528,1124,356,32868,532,148,1577544,0.2303,0.4605,4,760520,0.4777,0.9553,15,2.074,146.286,19.303,0
2,4,128,16,4,1024,1044,0,8,8,11352,1453056,1453056,612,228,32868,276,84,3040200,0.2390,0.4779,4,1486536,0.4887,0.9775,15,2.045,146.286,9.875,0
2,8,1,2048,256,512,2816,0,16,16,136224,136224,136224,65636,8292,16484,32788,4116,354818,0.3839,0.3839,8,218344,0.6239,0.6239,16,1.625,146.286,67.234,0
2,8,2,1024,128,512,1664,0,16,16,68112,136224,136224,32868,4196,16484,16404,2068,355068,0.3837,0.3837,8,185576,0.7341,0.7341,31,1.913,146.286,79.105,0
2,8,4,512,64,512,1088,0,16,16,37152,148608,148608,16484,2148,16484,8212,1044,380336,0.3907,0.3907,8,181576,0.8184,0.8184,32,2.095,146.286,80.848,0
2,8,8,256,32,512,800,0,16,16,18576,148608,148608,8292,1124,16484,4116,532,381336,0.3897,0.3897,8,173384,0.8571,0.8571,32,2.199,146.286,84.668,0
2,8,16,128,16,512,656,0,16,16,12384,198144,198144,4196,612,16484,2068,276,482408,0.4107,0.4107,8,218824,0.9055,0.9055,32,2.205,146.286,67.086,0
2,8,32,64,8,512,584,0,16,16,6192,198144,198144,2148,356,16484,1044,148,486408,0.4074,0.4074,8,216776,0.9140,0.9140,32,2.244,146.286,67.720,0
2,8,64,32,4,512,548,0,16,16,6192,396288,396288,1124,228,16484,532,84,890696,0.4449,0.4449,8,413896,0.9575,0.9575,32,2.152,146.286,35.468,0
2,8,128,16,2,512,530,0,16,16,6192,792576,792576,612,164,16484,276,52,1699272,0.4664,0.4664,8,809672,0.9789,0.9789,32,2.099,146.286,18.131,0
2,16,1,2048,128,256,2432,0,32,16,68112,68112,136224,65636,4196,8292,32788,2068,202410,0.3365,0.6730,16,142040,0.4795,0.9591,16,1.425,146.286,103.352,0
2,16,2,1024,64,256,1344,0,32,16,34056,68112,136224,32868,2148,8292,16404,1044,202860,0.3358,0.6715,16,109272,0.6233,1.0000,30,1.856,146.286,134.344,0
2,16,4,512,32,256,800,0,32,16,18576,74304,148608,16484,1124,8292,8212,532,216144,0.3438,0.6875,16,99080,0.7499,1.0000,30,2.182,146.286,148.164,0
2,16,8,256,16,256,528,0,32,16,9288,74304,148608,8292,612,8292,4116,276,217944,0.3409,0.6819,16,90888,0.8175,1.0000,30,2.398,146.286,161.518,0
2,16,16,128,8,256,392,1,32,16,6192,99072,198144,4196,356,8292,2068,148,271080,0.3655,0.7309,16,111560,0.8881,1.0000,30,2.430,146.286,131.589,0
2,16,32,64,4,256,324,1,32,16,3096,99072,198144,2148,228,8292,1044,84,278280,0.3560,0.7120,16,109512,0.9047,1.0000,30,2.541,146.286,134.050,0
2,16,64,32,2,256,290,1,32,16,3096,198144,396288,1124,164,8292,532,52,490824,0.4037,0.8074,16,207560,0.9546,1.0000,30,2.365,146.286,70.727,0
2,16,128,16,1,256,273,1,32,16,3096,396288,792576,612,132,8292,276,36,915912,0.4327,0.8653,16,405192,0.9780,1.0000,30,2.260,146.286,36.230,0
2,32,1,2048,64,128,2240,0,64,16,45408,45408,181632,65636,2148,4196,32788,1044,149210,0.3043,1.0000,16,115240,0.3940,1.0000,16,1.295,146.286,127.387,0
2,32,2,1024,32,128,1184,0,64,16,22704,45408,181632,32868,1124,4196,16404,532,150060,0.3026,1.0000,16,82472,0.5506,1.0000,30,1.820,146.286,178.001,0
2,32,4,512,16,128,656,0,64,16,12384,49536,198144,16484,612,4196,8212,276,160016,0.3096,1.0000,16,70216,0.7055,1.0000,30,2.279,146.286,209.070,0
2,32,8,256,8,128,392,1,64,16,6192,49536,198144,8292,356,4196,4116,148,163416,0.3031,1.0000,16,62024,0.7987,1.0000,30,2.635,146.286,236.684,0
2,32,16,128,4,128,260,1,64,16,4128,66048,264192,4196,228,4196,2068,84,203240,0.3250,1.0000,16,74440,0.8873,1.0000,30,2.730,146.286,197.207,0
2,32,32,64,2,128,194,1,64,16,2064,66048,264192,2148,164,4196,1044,52,216840,0.3046,1.0000,16,72392,0.9124,1.0000,30,2.995,146.286,202.786,0
2,32,64,32,1,128,161,1,64,16,2064,132096,528384,1124,132,4196,532,36,376136,0.3512,1.0000,16,137416,0.9613,1.0000,32,2.737,146.286,106.829,0
2,32,128,16,0,128,144,1,64,16,2064,264192,1056768,612,116,4196,276,28,694728,0.3803,1.0000,16,269000,0.9821,1.0000,32,2.583,146.286,54.573,0
4,1,1,1024,2048,2048,5120,0,4,4,499488,499488,499488,32868,65636,65636,16404,32788,2309773,0.0541,0.2162,1,630760,0.1980,0.7919,4,3.662,146.286,23.274,0
4,1,2,512,1024,2048,3584,0,4,4,249744,499488,499488,16484,32868,65636,8212,16404,2309898,0.0541,0.2162,1,597992,0.2088,0.8353,4,3.863,146.286,24.549,0
4,1,4,256,512,2048,2816,0,4,4,136224,544896,544896,8292,16484,65636,4116,8212,2491780,0.0547,0.2187,1,627016,0.2173,0.8690,7,3.974,146.286,23.413,0
4,1,8,128,256,2048,2432,0,4,4,68112,544896,544896,4196,8292,65636,2068,4116,2492280,0.0547,0.2186,1,618824,0.2201,0.8805,8,4.027,146.286,23.723,0
4,1,16,64,128,2048,2240,0,4,4,45408,726528,726528,2148,4196,65636,1044,2068,3219808,0.0564,0.2256,1,796360,0.2281,0.9123,7,4.043,146.286,18.434,0
4,1,32,32,64,2048,2144,0,4,4,22704,726528,726528,1124,2148,65636,532,1044,3221808,0.0564,0.2255,1,794312,0.2287,0.9147,8,4.056,146.286,18.481,0
4,1,64,16,32,2048,2096,0,4,4,22704,1453056,1453056,612,1124,65636,276,532,6131920,0.0592,0.2370,1,1519816,0.2390,0.9561,8,4.035,146.286,9.659,0
4,1,128,8,16,2048,2072,0,4,4,22704,2906112,2906112,356,612,65636,148,276,11952144,0.0608,0.2431,1,2972360,0.2444,0.9777,8,4.021,146.286,4.939,0
4,2,1,1024,1024,1024,3072,0,8,8,255552,255552,255552,32868,32868,32868,16404,16404,1202982,0.1062,0.2124,2,321288,0.3977,0.7954,8,3.744,146.286,45.691,0
4,2,2,512,512,1024,2048,0,8,8,127776,255552,255552,16484,16484,32868,8212,8212,1203132,0.1062,0.2124,2,304904,0.4191,0.8381,14,3.946,146.286,48.147,0
4,2,4,256,256,1024,1536,0,8,8,69696,278784,278784,8292,8292,32868,4116,4116,1296360,0.1075,0.2151,2,319944,0.4357,0.8714,15,4.052,146.286,45.883,0
4,2,8,128,128,1024,1280,0,8,8,34848,278784,278784,4196,4196,32868,2068,2068,1296960,0.1075,0.2150,2,315848,0.4413,0.8827,15,4.106,146.286,46.478,0
4,2,16,64,64,1024,1152,0,8,8,23232,371712,371712,2148,2148,32868,1044,1044,1669872,0.1113,0.2226,2,406728,0.4570,0.9139,15,4.106,146.286,36.093,0
4,2,32,32,32,1024,1088,0,8,8,11616,371712,371712,1124,1124,32868,532,532,1672272,0.1111,0.2223,2,405704,0.4581,0.9162,15,4.122,146.286,36.184,0
4,2,64,16,16,1024,1056,0,8,8,11616,743424,743424,612,612,32868,276,276,3163920,0.1175,0.2350,2,776904,0.4785,0.9569,15,4.072,146.286,18.896,0
4,2,128,8,8,1024,1040,0,8,8,11616,1486848,1486848,356,356,32868,148,148,6147216,0.1209,0.2419,2,1520072,0.4891,0.9781,15,4.044,146.286,9.657,0
4,4,1,1024,512,512,2048,0,16,16,127776,127776,127776,32868,16484,16484,16404,8212,626392,0.2040,0.2040,4,177128,0.7214,0.7214,16,3.536,146.286,82.878,0
4,4,2,512,256,512,1280,0,16,16,63888,127776,127776,16484,8292,16484,8212,4116,626592,0.2039,0.2039,4,160744,0.7949,0.7949,32,3.898,146.286,91.326,0
4,4,4,256,128,512,896,0,16,16,34848,139392,139392,8292,4196,16484,4116,2068,673456,0.2070,0.2070,4,164168,0.8491,0.8491,30,4.102,146.286,89.421,0
4,4,8,128,64,512,704,0,16,16,17424,139392,139392,4196,2148,16484,2068,1044,674256,0.2067,0.2067,4,160072,0.8708,0.8708,31,4.212,146.286,91.709,0
4,4,16,64,32,512,608,0,16,16,11616,185856,185856,2148,1124,16484,1044,532,861712,0.2157,0.2157,4,204488,0.9089,0.9089,31,4.214,146.286,71.789,0
4,4,32,32,16,512,560,0,16,16,5808,185856,185856,1124,612,16484,532,276,864912,0.2149,0.2149,4,203464,0.9135,0.9135,31,4.251,146.286,72.151,0
4,4,64,16,8,512,536,0,16,16,5808,371712,371712,612,356,16484,276,148,1614736,0.2302,0.2302,4,388808,0.9560,0.9560,31,4.153,146.286,37.757,0
4,4,128,8,4,512,524,0,16,16,5808,743424,743424,356,228,16484,148,84,3114384,0.2387,0.2387,4,760264,0.9778,0.9778,31,4.096,146.286,19.309,0
4,8,1,1024,256,256,1536,0,32,16,69696,69696,139392,32868,8292,8292,16404,4116,361404,0.1928,0.3857,8,110856,0.6287,1.0000,16,3.260,146.286,132.425,0
4,8,2,512,128,256,896,0,32,16,34848,69696,139392,16484,4196,8292,8212,2068,361704,0.1927,0.3854,8,94472,0.7377,1.0000,32,3.829,146.286,155.391,0
4,8,4,256,64,256,576,0,32,16,19008,76032,152064,8292,2148,8292,4116,1044,387648,0.1961,0.3923,8,92616,0.8209,1.0000,30,4.186,146.286,158.505,0
4,8,8,128,32,256,416,1,32,16,9504,76032,152064,4196,1124,8292,2068,532,388848,0.1955,0.3911,8,88520,0.8589,1.0000,30,4.393,146.286,165.839,0
4,8,16,64,16,256,336,1,32,16,6336,101376,202752,2148,612,8292,1044,276,492624,0.2058,0.4116,8,111816,0.9066,1.0000,30,4.406,146.286,131.288,0
4,8,32,32,8,256,296,1,32,16,3168,101376,202752,1124,356,8292,532,148,497424,0.2038,0.4076,8,110792,0.9150,1.0000,30,4.490,146.286,132.501,0
4,8,64,16,4,256,276,1,32,16,3168,202752,405504,612,228,8292,276,84,912528,0.2222,0.4444,8,211656,0.9579,1.0000,30,4.311,146.286,69.358,0
4,8,128,8,2,256,266,1,32,16,3168,405504,811008,356,164,8292,148,52,1742736,0.2327,0.4654,8,414152,0.9791,1.0000,30,4.208,146.286,35.446,0
4,16,1,1024,128,128,1280,0,64,16,34848,34848,139392,32868,4196,4196,16404,2068,205828,0.1693,0.6772,16,71912,0.4846,1.0000,16,2.862,146.286,204.139,0
4,16,2,512,64,128,704,0,64,16,17424,34848,139392,16484,2148,4196,8212,1044,206328,0.1689,0.6756,16,55528,0.6276,1.0000,32,3.716,146.286,264.372,0
4,16,4,256,32,128,416,1,64,16,9504,38016,152064,8292,1124,4196,4116,532,220000,0.1728,0.6912,16,50504,0.7527,1.0000,31,4.356,146.286,290.671,0
4,16,8,128,16,128,272,1,64,16,4752,38016,152064,4196,612,4196,2068,276,222000,0.1712,0.6850,16,46408,0.8192,1.0000,31,4.784,146.286,316.326,0
4,16,16,64,8,128,200,1,64,16,3168,50688,202752,2148,356,4196,1044,148,276688,0.1832,0.7328,16,57032,0.8888,1.0000,31,4.851,146.286,257.400,0
4,16,32,32,4,128,164,1,64,16,1584,50688,202752,1124,228,4196,532,84,284688,0.1780,0.7122,16,56008,0.9050,1.0000,31,5.083,146.286,262.107,0
4,16,64,16,2,128,146,1,64,16,1584,101376,405504,612,164,4196,276,52,503440,0.2014,0.8055,16,106184,0.9547,1.0000,31,4.741,146.286,138.251,0
4,16,128,8,1,128,137,1,64,16,1584,202752,811008,356,132,4196,148,36,940944,0.2155,0.8619,16,207304,0.9780,1.0000,31,4.539,146.286,70.814,0
4,32,1,1024,64,64,1152,0,128,16,23232,23232,185856,32868,2148,2148,16404,1044,151572,0.1533,1.0000,16,58248,0.3988,1.0000,16,2.602,146.286,252.027,0
4,32,2,512,32,64,608,0,128,16,11616,23232,185856,16484,1124,2148,8212,532,152472,0.1524,1.0000,16,41864,0.5549,1.0000,31,3.642,146.286,350.661,0
4,32,4,256,16,64,336,1,128,16,6336,25344,202752,8292,612,2148,4116,276,162720,0.1558,1.0000,16,35784,0.7082,1.0000,31,4.547,146.286,410.241,0
4,32,8,128,8,64,200,1,128,16,3168,25344,202752,4196,356,2148,2068,148,166320,0.1524,1.0000,16,31688,0.7998,1.0000,31,5.249,146.286,463.269,0
4,32,16,64,4,64,132,1,128,16,2112,33792,270336,2148,228,2148,1044,84,207312,0.1630,1.0000,16,38088,0.8872,1.0000,31,5.443,146.286,385.425,0
4,32,32,32,2,64,98,1,128,16,1056,33792,270336,1124,164,2148,532,52,221712,0.1524,1.0000,16,37064,0.9117,1.0000,31,5.982,146.286,396.073,0
4,32,64,16,1,64,81,1,128,16,1056,67584,540672,612,132,2148,276,36,385680,0.1752,1.0000,16,70344,0.9608,1.0000,30,5.483,146.286,208.690,0
4,32,128,8,0,64,72,1,128,16,1056,135168,1081344,356,116,2148,148,28,713616,0.1894,1.0000,16,137672,0.9818,1.0000,30,5.183,146.286,106.631,0
8,1,1,512,2048,1024,3584,0,8,8,249744,249744,249744,16484,65636,32868,8212,32788,2310273,0.0541,0.1081,1,348248,0.3586,0.7171,8,6.634,146.286,42.154,0
8,1,2,256,1024,1024,2304,0,8,8,124872,249744,249744,8292,32868,32868,4116,16404,2310498,0.0540,0.1081,1,315480,0.3958,0.7916,15,7.324,146.286,46.532,0
8,1,4,128,512,1024,1664,0,8,8,68112,272448,272448,4196,16484,32868,2068,8212,2492580,0.0547,0.1093,1,321800,0.4233,0.8466,16,7.746,146.286,45.619,0
8,1,8,64,256,1024,1344,0,8,8,34056,272448,272448,2148,8292,32868,1044,4116,2493480,0.0546,0.1093,1,313608,0.4344,0.8688,16,7.951,146.286,46.810,0
8,1,16,32,128,1024,1184,0,8,8,22704,363264,363264,1124,4196,32868,532,2068,3221808,0.0564,0.1128,1,400328,0.4537,0.9074,16,8.048,146.286,36.670,0
8,1,32,16,64,1024,1104,0,8,8,11352,363264,363264,612,2148,32868,276,1044,3225408,0.0563,0.1126,1,398280,0.4560,0.9121,16,8.098,146.286,36.859,0
8,1,64,8,32,1024,1064,0,8,8,11352,726528,726528,356,1124,32868,148,532,6138720,0.0592,0.1184,1,760520,0.4777,0.9553,16,8.072,146.286,19.303,0
8,1,128,4,16,1024,1044,0,8,8,11352,1453056,1453056,228,612,32868,84,276,11965344,0.0607,0.1214,1,1486536,0.4887,0.9775,16,8.049,146.286,9.875,0
8,2,1,512,1024,512,2048,0,16,16,127776,127776,127776,16484,32868,16484,8212,16404,1203482,0.1062,0.1062,2,177128,0.7214,0.7214,16,6.794,146.286,82.878,0
8,2,2,256,512,512,1280,0,16,16,63888,127776,127776,8292,16484,16484,4116,8212,1203732,0.1061,0.1061,2,160744,0.7949,0.7949,31,7.489,146.286,91.326,0
8,2,4,128,256,512,896,0,16,16,34848,139392,139392,4196,8292,16484,2068,4116,1297160,0.1075,0.1075,2,164168,0.8491,0.8491,31,7.901,146.286,89.421,0
8,2,8,64,128,512,704,0,16,16,17424,139392,139392,2148,4196,16484,1044,2068,1298160,0.1074,0.1074,2,160072,0.8708,0.8708,30,8.110,146.286,91.709,0
8,2,16,32,64,512,608,0,16,16,11616,185856,185856,1124,2148,16484,532,1044,1671872,0.1112,0.1112,2,204488,0.9089,0.9089,31,8.176,146.286,71.789,0
8,2,32,16,32,512,560,0,16,16,5808,185856,185856,612,1124,16484,276,532,1675872,0.1109,0.1109,2,203464,0.9135,0.9135,30,8.237,146.286,72.151,0
8,2,64,8,16,512,536,0,16,16,5808,371712,371712,356,612,16484,148,276,3170720,0.1172,0.1172,2,388808,0.9560,0.9560,31,8.155,146.286,37.757,0
8,2,128,4,8,512,524,0,16,16,5808,743424,743424,228,356,16484,84,148,6160416,0.1207,0.1207,2,760264,0.9778,0.9778,30,8.103,146.286,19.309,0
8,4,1,512,512,256,1280,0,32,16,63888,63888,127776,16484,16484,8292,8212,8212,626892,0.1019,0.2038,4,88664,0.7206,1.0000,16,7.070,146.286,165.570,0
8,4,2,256,256,256,768,0,32,16,31944,63888,127776,8292,8292,8292,4116,4116,627192,0.1019,0.2037,4,80472,0.7939,1.0000,32,7.794,146.286,182.424,0
8,4,4,128,128,256,512,1,32,16,17424,69696,139392,4196,4196,8292,2068,2068,674256,0.1034,0.2067,4,82184,0.8480,1.0000,30,8.204,146.286,178.624,0
8,4,8,64,64,256,384,1,32,16,8712,69696,139392,2148,2148,8292,1044,1044,675456,0.1032,0.2064,4,80136,0.8697,1.0000,30,8.429,146.286,183.189,0
8,4,16,32,32,256,320,1,32,16,5808,92928,185856,1124,1124,8292,532,532,863712,0.1076,0.2152,4,102344,0.9080,1.0000,30,8.439,146.286,143.438,0
8,4,32,16,16,256,288,1,32,16,2904,92928,185856,612,612,8292,276,276,868512,0.1070,0.2140,4,101832,0.9126,1.0000,30,8.529,146.286,144.160,0
8,4,64,8,8,256,272,1,32,16,2904,185856,371712,356,356,8292,148,148,1621536,0.1146,0.2292,4,194504,0.9555,1.0000,30,8.337,146.286,75.474,0
8,4,128,4,4,256,264,1,32,16,2904,371712,743424,228,228,8292,84,84,3127584,0.1188,0.2377,4,380232,0.9776,1.0000,30,8.225,146.286,38.608,0
8,8,1,512,256,128,896,0,64,16,34848,34848,139392,16484,8292,4196,8212,4116,361904,0.0963,0.3852,8,55528,0.6276,1.0000,16,6.518,146.286,264.372,0
8,8,2,256,128,128,512,1,64,16,17424,34848,139392,8292,4196,4196,4116,2068,362304,0.0962,0.3847,8,47336,0.7362,1.0000,30,7.654,146.286,310.125,0
8,8,4,128,64,128,320,1,64,16,9504,38016,152064,4196,2148,4196,2068,1044,388448,0.0979,0.3915,8,46408,0.8192,1.0000,30,8.370,146.286,316.326,0
8,8,8,64,32,128,224,1,64,16,4752,38016,152064,2148,1124,4196,1044,532,390048,0.0975,0.3899,8,44360,0.8570,1.0000,32,8.793,146.286,330.930,0
8,8,16,32,16,128,176,1,64,16,3168,50688,202752,1124,612,4196,532,276,494624,0.1025,0.4099,8,56008,0.9050,1.0000,32,8.831,146.286,262.107,0
8,8,32,16,8,128,152,1,64,16,1584,50688,202752,612,356,4196,276,148,501024,0.1012,0.4047,8,55496,0.9134,1.0000,30,9.028,146.286,264.525,0
8,8,64,8,4,128,140,1,64,16,1584,101376,405504,356,228,4196,148,84,919328,0.1103,0.4411,8,105928,0.9570,1.0000,29,8.679,146.286,138.585,0
8,8,128,4,2,128,134,1,64,16,1584,202752,811008,228,164,4196,84,52,1755936,0.1155,0.4619,8,207176,0.9786,1.0000,31,8.476,146.286,70.858,0
8,16,1,512,128,64,704,0,128,16,17424,17424,139392,16484,4196,2148,8212,2068,206328,0.0844,0.6756,16,36056,0.4832,1.0000,16,5.722,146.286,407.146,0
8,16,2,256,64,64,384,1,128,16,8712,17424,139392,8292,2148,2148,4116,1044,206928,0.0842,0.6736,16,27864,0.6253,1.0000,31,7.426,146.286,526.847,0
8,16,4,128,32,64,224,1,128,16,4752,19008,152064,4196,1124,2148,2068,532,220800,0.0861,0.6887,16,25352,0.7498,1.0000,32,8.709,146.286,579.050,0
8,16,8,64,16,64,144,1,128,16,2376,19008,152064,2148,612,2148,1044,276,223200,0.0852,0.6813,16,23304,0.8157,1.0000,30,9.578,146.286,629.938,0
8,16,16,32,8,64,104,1,128,16,1584,25344,202752,1124,356,2148,532,148,278688,0.0909,0.7275,16,28616,0.8857,1.0000,30,9.739,146.286,513.002,0
8,16,32,16,4,64,84,1,128,16,792,25344,202752,612,228,2148,276,84,288288,0.0879,0.7033,16,28104,0.9018,1.0000,30,10.258,146.286,522.348,0
8,16,64,8,2,64,74,1,128,16,792,50688,405504,356,164,2148,148,52,510240,0.0993,0.7947,16,53192,0.9529,1.0000,30,9.592,146.286,275.983,0
8,16,128,4,1,64,69,1,128,16,792,101376,811008,228,132,2148,84,36,954144,0.1062,0.8500,16,103752,0.9771,1.0000,30,9.196,146.286,141.492,0
8,32,1,512,64,32,608,0,256,16,11616,11616,185856,16484,2148,1124,8212,1044,152072,0.0764,1.0000,16,29224,0.3975,1.0000,16,5.204,146.286,502.329,0
8,32,2,256,32,32,320,1,256,16,5808,11616,185856,8292,1124,1124,4116,532,153072,0.0759,1.0000,16,21032,0.5523,1.0000,32,7.278,146.286,697.987,0
8,32,4,128,16,32,176,1,256,16,3168,12672,202752,4196,612,1124,2068,276,163520,0.0775,1.0000,16,17992,0.7043,1.0000,31,9.088,146.286,815.922,0
8,32,8,64,8,32,104,1,256,16,1584,12672,202752,2148,356,1124,1044,148,167520,0.0756,1.0000,16,15944,0.7948,1.0000,30,10.507,146.286,920.727,0
8,32,16,32,4,32,68,1,256,16,1056,16896,270336,1124,228,1124,532,84,209312,0.0807,1.0000,16,19144,0.8826,1.0000,31,10.934,146.286,766.823,0
8,32,32,16,2,32,50,1,256,16,528,16896,270336,612,164,1124,276,52,225312,0.0750,1.0000,16,18632,0.9068,1.0000,32,12.093,146.286,787.895,0
8,32,64,8,1,32,41,1,256,16,528,33792,540672,356,132,1124,148,36,392480,0.0861,1.0000,16,35272,0.9580,1.0000,30,11.127,146.286,416.196,0
8,32,128,4,0,32,36,1,256,16,528,67584,1081344,228,116,1124,84,28,726816,0.0930,1.0000,16,68936,0.9804,1.0000,30,10.543,146.286,212.952,0
16,1,1,256,2048,512,2816,0,16,16,136224,136224,136224,8292,65636,16484,4116,32788,2492905,0.0546,0.0546,1,218344,0.6239,0.6239,16,11.417,146.286,67.234,0
16,1,2,128,1024,512,1664,0,16,16,68112,136224,136224,4196,32868,16484,2068,16404,2493330,0.0546,0.0546,1,185576,0.7341,0.7341,30,13.436,146.286,79.105,0
16,1,4,64,512,512,1088,0,16,16,37152,148608,148608,2148,16484,16484,1044,8212,2692324,0.0552,0.0552,1,181576,0.8184,0.8184,31,14.828,146.286,80.848,0
16,1,8,32,256,512,800,0,16,16,18576,148608,148608,1124,8292,16484,532,4116,2694024,0.0552,0.0552,1,173384,0.8571,0.8571,31,15.538,146.286,84.668,0
16,1,16,16,128,512,656,0,16,16,12384,198144,198144,612,4196,16484,276,2068,3490000,0.0568,0.0568,1,218824,0.9055,0.9055,31,15.949,146.286,67.086,0
16,1,32,8,64,512,584,0,16,16,6192,198144,198144,356,2148,16484,148,1044,3496800,0.0567,0.0567,1,216776,0.9140,0.9140,31,16.131,146.286,67.720,0
16,1,64,4,32,512,548,0,16,16,6192,396288,396288,228,1124,16484,84,532,6680704,0.0593,0.0593,1,413896,0.9575,0.9575,31,16.141,146.286,35.468,0
16,1,128,2,16,512,530,0,16,16,6192,792576,792576,164,612,16484,52,276,13048512,0.0607,0.0607,1,809672,0.9789,0.9789,31,16.116,146.286,18.131,0
16,2,1,256,1024,256,1536,0,32,16,69696,69696,139392,8292,32868,8292,4116,16404,1297410,0.0537,0.1074,2,110856,0.6287,1.0000,16,11.704,146.286,132.425,0
16,2,2,128,512,256,896,0,32,16,34848,69696,139392,4196,16484,8292,2068,8212,1297860,0.0537,0.1074,2,94472,0.7377,1.0000,30,13.738,146.286,155.391,0
16,2,4,64,256,256,576,0,32,16,19008,76032,152064,2148,8292,8292,1044,4116,1400136,0.0543,0.1086,2,92616,0.8209,1.0000,30,15.118,146.286,158.505,0
16,2,8,32,128,256,416,1,32,16,9504,76032,152064,1124,4196,8292,532,2068,1401936,0.0542,0.1085,2,88520,0.8589,1.0000,30,15.838,146.286,165.839,0
16,2,16,16,64,256,336,1,32,16,6336,101376,202752,612,2148,8292,276,1044,1811040,0.0560,0.1120,2,111816,0.9066,1.0000,30,16.197,146.286,131.288,0
16,2,32,8,32,256,296,1,32,16,3168,101376,202752,356,1124,8292,148,532,1818240,0.0558,0.1115,2,110792,0.9150,1.0000,30,16.411,146.286,132.501,0
16,2,64,4,16,256,276,1,32,16,3168,202752,405504,228,612,8292,84,276,3454656,0.0587,0.1174,2,211656,0.9579,1.0000,30,16.322,146.286,69.358,0
16,2,128,2,8,256,266,1,32,16,3168,405504,811008,164,356,8292,52,148,6727488,0.0603,0.1206,2,414152,0.9791,1.0000,30,16.244,146.286,35.446,0
16,4,1,256,512,128,896,0,64,16,34848,34848,139392,8292,16484,4196,4116,8212,674356,0.0517,0.2067,4,55528,0.6276,1.0000,16,12.144,146.286,264.372,0
16,4,2,128,256,128,512,1,64,16,17424,34848,139392,4196,8292,4196,2068,4116,674856,0.0516,0.2066,4,47336,0.7362,1.0000,32,14.257,146.286,310.125,0
16,4,4,64,128,128,320,1,64,16,9504,38016,152064,2148,4196,4196,1044,2068,726544,0.0523,0.2093,4,46408,0.8192,1.0000,31,15.656,146.286,316.326,0
16,4,8,32,64,128,224,1,64,16,4752,38016,152064,1124,2148,4196,532,1044,728544,0.0522,0.2087,4,44360,0.8570,1.0000,31,16.423,146.286,330.930,0
16,4,16,16,32,128,176,1,64,16,3168,50688,202752,612,1124,4196,276,532,935296,0.0542,0.2168,4,56008,0.9050,1.0000,31,16.699,146.286,262.107,0
16,4,32,8,16,128,152,1,64,16,1584,50688,202752,356,612,4196,148,276,943296,0.0537,0.2149,4,55496,0.9134,1.0000,31,16.998,146.286,264.525,0
16,4,64,4,8,128,140,1,64,16,1584,101376,405504,228,356,4196,84,148,1770304,0.0573,0.2291,4,105928,0.9570,1.0000,31,16.712,146.286,138.585,0
16,4,128,2,4,128,134,1,64,16,1584,202752,811008,164,228,4196,52,84,3424320,0.0592,0.2368,4,207176,0.9786,1.0000,31,16.529,146.286,70.858,0
16,8,1,256,256,64,576,0,128,16,19008,19008,152064,8292,8292,2148,4116,4116,388248,0.0490,0.3917,8,29448,0.6455,1.0000,16,13.184,146.286,498.508,0
16,8,2,128,128,64,320,1,128,16,9504,19008,152064,4196,4196,2148,2068,2068,388848,0.0489,0.3911,8,25352,0.7498,1.0000,31,15.338,146.286,579.050,0
16,8,4,64,64,64,192,1,128,16,5184,20736,165888,2148,2148,2148,1044,1044,417696,0.0496,0.3972,8,25032,0.8284,1.0000,32,16.686,146.286,586.452,0
16,8,8,32,32,64,128,1,128,16,2592,20736,165888,1124,1124,2148,532,532,420096,0.0494,0.3949,8,24008,0.8637,1.0000,30,17.498,146.286,611.466,0
16,8,16,16,16,64,96,1,128,16,1728,27648,221184,612,612,2148,276,276,535488,0.0516,0.4131,8,30408,0.9092,1.0000,30,17.610,146.286,482.770,0
16,8,32,8,8,64,80,1,128,16,864,27648,221184,356,356,2148,148,148,545088,0.0507,0.4058,8,30152,0.9170,1.0000,30,18.078,146.286,486.869,0
16,8,64,4,4,64,72,1,128,16,864,55296,442368,228,228,2148,84,84,1006656,0.0549,0.4394,8,57672,0.9588,1.0000,30,17.455,146.286,254.544,0
16,8,128,2,2,64,68,1,128,16,864,110592,884736,164,164,2148,52,52,1929792,0.0573,0.4585,8,112904,0.9795,1.0000,30,17.092,146.286,130.023,0
16,16,1,256,128,32,416,1,256,16,9504,9504,152064,8292,4196,1124,4116,2068,220000,0.0432,0.6912,16,18920,0.5023,1.0000,16,11.628,146.286,775.902,0
16,16,2,128,64,32,224,1,256,16,4752,9504,152064,4196,2148,1124,2068,1044,220800,0.0430,0.6887,16,14824,0.6411,1.0000,29,14.895,146.286,990.290,0
16,16,4,64,32,32,128,1,256,16,2592,10368,165888,2148,1124,1124,1044,532,236224,0.0439,0.7022,16,13640,0.7601,1.0000,30,17.318,146.286,1076.251,0
16,16,8,32,16,32,80,1,256,16,1296,10368,165888,1124,612,1124,532,276,239424,0.0433,0.6929,16,12616,0.8218,1.0000,30,18.978,146.286,1163.607,0
16,16,16,16,8,32,56,1,256,16,864,13824,221184,612,356,1124,276,148,301120,0.0459,0.7345,16,15560,0.8884,1.0000,30,19.352,146.286,943.449,0
16,16,32,8,4,32,44,1,256,16,432,13824,221184,356,228,1124,148,84,313920,0.0440,0.7046,16,15304,0.9033,1.0000,32,20.512,146.286,959.231,0
16,16,64,4,2,32,38,1,256,16,432,27648,442368,228,164,1124,84,52,560704,0.0493,0.7890,16,29000,0.9534,1.0000,30,19.335,146.286,506.209,0
16,16,128,2,1,32,35,1,256,16,432,55296,884736,164,132,1124,52,36,1054272,0.0524,0.8392,16,56584,0.9772,1.0000,32,18.632,146.286,259.438,1
32,1,1,128,2048,256,2432,0,32,16,68112,68112,136224,4196,65636,8292,2068,32788,2494905,0.0273,0.0546,1,142040,0.4795,0.9591,16,17.565,146.286,103.352,0
32,1,2,64,1024,256,1344,0,32,16,34056,68112,136224,2148,32868,8292,1044,16404,2495730,0.0273,0.0546,1,109272,0.6233,1.0000,30,22.840,146.286,134.344,0
32,1,4,32,512,256,800,0,32,16,18576,74304,148608,1124,16484,8292,532,8212,2695524,0.0276,0.0551,1,99080,0.7499,1.0000,32,27.206,146.286,148.164,0
32,1,8,16,256,256,528,0,32,16,9288,74304,148608,612,8292,8292,276,4116,2698824,0.0275,0.0551,1,90888,0.8175,1.0000,31,29.694,146.286,161.518,0
32,1,16,8,128,256,392,1,32,16,6192,99072,198144,356,4196,8292,148,2068,3498000,0.0283,0.0566,1,111560,0.8881,1.0000,32,31.355,146.286,131.589,0
32,1,32,4,64,256,324,1,32,16,3096,99072,198144,228,2148,8292,84,1044,3511200,0.0282,0.0564,1,109512,0.9047,1.0000,31,32.062,146.286,134.050,0
32,1,64,2,32,256,290,1,32,16,3096,198144,396288,164,1124,8292,52,532,6707904,0.0295,0.0591,1,207560,0.9546,1.0000,32,32.318,146.286,70.727,0
32,1,128,1,16,256,273,1,32,16,3096,396288,792576,132,612,8292,36,276,13101312,0.0302,0.0605,1,405192,0.9780,1.0000,31,32.334,146.286,36.230,0
32,2,1,128,1024,128,1280,0,64,16,34848,34848,139392,4196,32868,4196,2068,16404,1299410,0.0268,0.1073,2,71912,0.4846,1.0000,16,18.069,146.286,204.139,0
32,2,2,64,512,128,704,0,64,16,17424,34848,139392,2148,16484,4196,1044,8212,1300260,0.0268,0.1072,2,55528,0.6276,1.0000,30,23.416,146.286,264.372,0
32,2,4,32,256,128,416,1,64,16,9504,38016,152064,1124,8292,4196,532,4116,1403336,0.0271,0.1084,2,50504,0.7527,1.0000,32,27.787,146.286,290.671,0
32,2,8,16,128,128,272,1,64,16,4752,38016,152064,612,4196,4196,276,2068,1406736,0.0270,0.1081,2,46408,0.8192,1.0000,32,30.312,146.286,316.326,0
32,2,16,8,64,128,200,1,64,16,3168,50688,202752,356,2148,4196,148,1044,1819040,0.0279,0.1115,2,57032,0.8888,1.0000,30,31.895,146.286,257.400,0
32,2,32,4,32,128,164,1,64,16,1584,50688,202752,228,1124,4196,84,532,1832640,0.0277,0.1106,2,56008,0.9050,1.0000,32,32.721,146.286,262.107,0
32,2,64,2,16,128,146,1,64,16,1584,101376,405504,164,612,4196,52,276,3481856,0.0291,0.1165,2,106184,0.9547,1.0000,32,32.791,146.286,138.251,0
32,2,128,1,8,128,137,1,64,16,1584,202752,811008,132,356,4196,36,148,6780288,0.0299,0.1196,2,207304,0.9780,1.0000,32,32.707,146.286,70.814,0
32,4,1,128,512,64,704,0,128,16,17424,17424,139392,4196,16484,2148,2068,8212,676356,0.0258,0.2061,4,36056,0.4832,1.0000,16,18.758,146.286,407.146,0
32,4,2,64,256,64,384,1,128,16,8712,17424,139392,2148,8292,2148,1044,4116,677256,0.0257,0.2058,4,27864,0.6253,1.0000,31,24.306,146.286,526.847,0
32,4,4,32,128,64,224,1,128,16,4752,19008,152064,1124,4196,2148,532,2068,729744,0.0260,0.2084,4,25352,0.7498,1.0000,30,28.784,146.286,579.050,0
32,4,8,16,64,64,144,1,128,16,2376,19008,152064,612,2148,2148,276,1044,733344,0.0259,0.2074,4,23304,0.8157,1.0000,32,31.469,146.286,629.938,0
32,4,16,8,32,64,104,1,128,16,1584,25344,202752,356,1124,2148,148,532,943296,0.0269,0.2149,4,28616,0.8857,1.0000,29,32.964,146.286,513.002,0
32,4,32,4,16,64,84,1,128,16,792,25344,202752,228,612,2148,84,276,957696,0.0265,0.2117,4,28104,0.9018,1.0000,29,34.077,146.286,522.348,0
32,4,64,2,8,64,74,1,128,16,792,50688,405504,164,356,2148,52,148,1797504,0.0282,0.2256,4,53192,0.9529,1.0000,29,33.793,146.286,275.983,0
32,4,128,1,4,64,69,1,128,16,792,101376,811008,132,228,2148,36,84,3477120,0.0292,0.2332,4,103752,0.9771,1.0000,29,33.514,146.286,141.492,0
32,8,1,128,256,32,416,1,256,16,9504,9504,152064,4196,8292,1124,2068,4116,390248,0.0244,0.3897,8,18920,0.5023,1.0000,16,20.626,146.286,775.902,0
32,8,2,64,128,32,224,1,256,16,4752,9504,152064,2148,4196,1124,1044,2068,391248,0.0243,0.3887,8,14824,0.6411,1.0000,32,26.393,146.286,990.290,0
32,8,4,32,64,32,128,1,256,16,2592,10368,165888,1124,2148,1124,532,1044,420896,0.0246,0.3941,8,13640,0.7601,1.0000,30,30.857,146.286,1076.251,0
32,8,8,16,32,32,80,1,256,16,1296,10368,165888,612,1124,1124,276,532,424896,0.0244,0.3904,8,12616,0.8218,1.0000,28,33.679,146.286,1163.607,0
32,8,16,8,16,32,56,1,256,16,864,13824,221184,356,612,1124,148,276,543488,0.0254,0.4070,8,15560,0.8884,1.0000,32,34.929,146.286,943.449,0
32,8,32,4,8,32,44,1,256,16,432,13824,221184,228,356,1124,84,148,559488,0.0247,0.3953,8,15304,0.9033,1.0000,32,36.558,146.286,959.231,0
32,8,64,2,4,32,38,1,256,16,432,27648,442368,164,228,1124,52,84,1033856,0.0267,0.4279,8,29000,0.9534,1.0000,30,35.650,146.286,506.209,0
32,8,128,1,2,32,35,1,256,16,432,55296,884736,132,164,1124,36,52,1982592,0.0279,0.4463,8,56584,0.9772,1.0000,30,35.038,146.286,259.438,1
